{"VPERSTEPS": [0.00017615280408761784, 0.00017543042981735127, 0.0001220703125, 0.0001220703125, 0.0001220703125, 0.0001220703125, 0.0001220703125, 0.0001220703125], "SCALES": [1.4430437710857653, 1.4371260810637416, 0.8818562240248916, 0.8831978130903435, 1.4430978368007743, 1.4367856457925448, 1.0, 1.0], "OFFSETS": [-165.85332379341745, -73.2544555743463, 0.00255815, 0.00176678, 0.029194120430779673, 0.012816640363171995, 0.0, 0.0]}